ID;NO_ORDEN;NO_CONSECUTIVO;FECHA_ENTREGA
0;111728;; ;

1;111727;; ;

2;111726;; ;

3;111725;; ;

4;111724;; ;

5;111723;; ;

6;111722;; ;

7;111721;; ;

8;111720;; ;

9;111719;; ;

10;111718;; ;

11;111717;; ;

12;111716;; ;

13;111715;; ;

14;111714;; ;

15;111713;; ;

16;111712;; ;

17;111711;; ;

18;111710;; ;

19;111709;; ;

20;111708;; ;

21;111707;; ;

22;111706;; ;

23;111705;; ;

24;111704;; ;

25;111703;; ;

26;111702;; ;

27;111701;; ;

28;111700;; ;

29;111699;; ;

30;111698;; ;

31;111697;; ;

32;111696;; ;

33;111695;; ;

34;111694;; ;

35;111693;; ;

36;111692;; ;

37;111691;; ;

38;111690;; ;

39;111689;; ;

40;111688;; ;

41;111687;; ;

42;111686;; ;

43;111685;; ;

44;111684;; ;

45;111683;; ;

46;111682;; ;

47;111681;; ;

48;111680;; ;

49;111679;; ;

50;111678;; ;

51;111677;; ;

52;111676;; ;

53;111675;; ;

54;111674;; ;

55;111673;; ;

56;111672;; ;

57;111671;; ;

58;111670;; ;

59;111669;; ;

60;111668;; ;

61;111667;; ;

62;111666;; ;

63;111665;; ;

64;111664;; ;

65;111663;; ;

66;111662;; ;

67;111661;; ;

68;111660;; ;

69;111659;; ;

70;111658;; ;

71;111657;; ;

72;111656;; ;

73;111655;; ;

74;111654;; ;

75;111653;; ;

76;111652;; ;

77;111651;; ;

78;111650;; ;

79;111649;; ;

80;111648;; ;

81;111647;; ;

82;111646;; ;

83;111645;; ;

84;111644;; ;

85;111643;; ;

86;111642;; ;

87;111641;; ;

88;111640;; ;

89;111639;; ;

90;111638;; ;

91;111637;; ;

92;111636;; ;

93;111635;; ;

94;111634;; ;

95;111633;; ;

96;111632;; ;

97;111631;; ;

98;111630;; ;

99;111629;; ;

100;111628;; ;

101;111627;; ;

102;111551;; ;

103;111550;; ;

104;111549;; ;

105;111548;; ;

106;111547;; ;

107;111546;; ;

108;111545;; ;

109;111544;; ;

110;111543;; ;

111;111542;; ;

112;111541;; ;

113;111540;; ;

114;111539;; ;

115;111538;; ;

116;111537;; ;

117;111536;; ;

118;111535;; ;

119;111534;; ;

120;111533;; ;

121;111532;; ;

122;111531;; ;

123;111530;; ;

124;111529;; ;

125;111528;; ;

126;111527;; ;

127;111526;; ;

128;111525;; ;

129;111524;; ;

130;111523;; ;

131;111522;; ;

132;111521;; ;

133;111520;; ;

134;111519;; ;

135;111518;; ;

136;111517;; ;

137;111516;; ;

138;111515;; ;

139;111514;; ;

140;111513;; ;

141;111512;; ;

142;111511;; ;

143;111510;; ;

144;111509;; ;

145;111508;; ;

146;111507;; ;

147;111506;; ;

148;111505;; ;

149;111504;; ;

150;111503;; ;

151;111502;; ;

152;111501;; ;

153;111500;; ;

154;111499;; ;

155;111498;; ;

156;111497;; ;

157;111496;; ;

158;111495;; ;

159;111494;; ;

160;111493;; ;

161;111492;; ;

162;111491;; ;

163;111490;; ;

164;111489;; ;

165;111488;; ;

166;111487;; ;

167;111486;; ;

168;111485;; ;

169;111484;; ;

170;111483;; ;

171;111482;; ;

172;111481;; ;

173;111480;; ;

174;111479;; ;

175;111478;; ;

176;111477;; ;

177;111476;; ;

178;111475;; ;

179;111474;; ;

180;111473;; ;

181;111472;; ;

182;111471;; ;

183;111470;; ;

184;111469;; ;

185;111468;; ;

186;111467;; ;

187;111466;; ;

188;111465;; ;

189;111464;; ;

190;111463;; ;

191;111462;; ;

192;111461;; ;

193;111458;; ;

194;111457;; ;

195;111456;; ;

196;111455;; ;

197;111454;; ;

198;111453;; ;

199;111452;; ;

200;111447;; ;

201;111446;; ;

202;111445;; ;

203;111444;; ;

204;111443;; ;

205;111442;; ;

206;111441;; ;

207;111440;; ;

208;111439;; ;

209;111438;; ;

210;111437;; ;

211;111436;; ;

212;111435;; ;

213;111434;; ;

214;111433;; ;

215;111432;; ;

216;111431;; ;

217;111430;; ;

218;111429;; ;

219;111428;; ;

220;111427;; ;

221;111426;; ;

222;111425;; ;

223;111424;; ;

224;111423;; ;

225;111422;; ;

226;111421;; ;

227;111420;; ;

228;111419;; ;

229;111418;; ;

230;111417;; ;

231;111416;; ;

232;111415;; ;

233;111414;; ;

234;111413;; ;

235;111412;; ;

236;111411;; ;

237;111410;; ;

238;111409;; ;

239;111408;; ;

240;111407;; ;

241;111406;; ;

242;111405;; ;

243;111404;; ;

244;111403;; ;

245;111402;; ;

246;111401;; ;

247;111400;; ;

248;111399;; ;

249;111398;; ;

